﻿<?xml version="1.0" encoding="utf-8"?>
<helpItems schema="maml" xmlns="http://msh">
  <command:command xmlns:maml="http://schemas.microsoft.com/maml/2004/10" xmlns:command="http://schemas.microsoft.com/maml/dev/command/2004/10" xmlns:dev="http://schemas.microsoft.com/maml/dev/2004/10" xmlns:MSHelp="http://msdn.microsoft.com/mshelp">
    <command:details>
      <command:name>Get-VSSetupInstance</command:name>
      <command:verb>Get</command:verb>
      <command:noun>VSSetupInstance</command:noun>
      <maml:description>
        <maml:para>Enumerates instances of Visual Studio and related products.</maml:para>
      </maml:description>
    </command:details>
    <maml:description>
      <maml:para>Enumerates instances of Visual Studio and related products. By default, instances with fatal errors are not returned by you can pass `-All` to enumerate them as well.</maml:para>
    </maml:description>
    <command:syntax>
      <command:syntaxItem>
        <maml:name>Get-VSSetupInstance</maml:name>
        <command:parameter required="false" variableLength="true" globbing="false" pipelineInput="False" position="named" aliases="none">
          <maml:name>All</maml:name>
          <maml:Description>
            <maml:para>Enumerate all instances of Visual Studio - even those with fatal errors.</maml:para>
          </maml:Description>
          <dev:type>
            <maml:name>SwitchParameter</maml:name>
            <maml:uri />
          </dev:type>
          <dev:defaultValue>False</dev:defaultValue>
        </command:parameter>
        <command:parameter required="false" variableLength="true" globbing="false" pipelineInput="False" position="named" aliases="none">
          <maml:name>Prerelease</maml:name>
          <maml:Description>
            <maml:para>Also show prereleases / previews. By default, only releases are shown.</maml:para>
          </maml:Description>
          <dev:type>
            <maml:name>SwitchParameter</maml:name>
            <maml:uri />
          </dev:type>
          <dev:defaultValue>False</dev:defaultValue>
        </command:parameter>
      </command:syntaxItem>
      <command:syntaxItem>
        <maml:name>Get-VSSetupInstance</maml:name>
        <command:parameter required="true" variableLength="true" globbing="false" pipelineInput="True (ByPropertyName)" position="named" aliases="PSPath">
          <maml:name>LiteralPath</maml:name>
          <maml:Description>
            <maml:para>The path to the product installation directory. Wildcards are not supported.</maml:para>
          </maml:Description>
          <command:parameterValue required="true" variableLength="false">String[]</command:parameterValue>
          <dev:type>
            <maml:name>String[]</maml:name>
            <maml:uri />
          </dev:type>
          <dev:defaultValue>None</dev:defaultValue>
        </command:parameter>
      </command:syntaxItem>
      <command:syntaxItem>
        <maml:name>Get-VSSetupInstance</maml:name>
        <command:parameter required="true" variableLength="true" globbing="false" pipelineInput="True (ByPropertyName, ByValue)" position="0" aliases="none">
          <maml:name>Path</maml:name>
          <maml:Description>
            <maml:para>The path to the product installation directory. Wildcards are supported.</maml:para>
          </maml:Description>
          <command:parameterValue required="true" variableLength="false">String[]</command:parameterValue>
          <dev:type>
            <maml:name>String[]</maml:name>
            <maml:uri />
          </dev:type>
          <dev:defaultValue>None</dev:defaultValue>
        </command:parameter>
      </command:syntaxItem>
    </command:syntax>
    <command:parameters>
      <command:parameter required="false" variableLength="true" globbing="false" pipelineInput="False" position="named" aliases="none">
        <maml:name>All</maml:name>
        <maml:Description>
          <maml:para>Enumerate all instances of Visual Studio - even those with fatal errors.</maml:para>
        </maml:Description>
        <command:parameterValue required="false" variableLength="false">SwitchParameter</command:parameterValue>
        <dev:type>
          <maml:name>SwitchParameter</maml:name>
          <maml:uri />
        </dev:type>
        <dev:defaultValue>False</dev:defaultValue>
      </command:parameter>
      <command:parameter required="true" variableLength="true" globbing="false" pipelineInput="True (ByPropertyName)" position="named" aliases="PSPath">
        <maml:name>LiteralPath</maml:name>
        <maml:Description>
          <maml:para>The path to the product installation directory. Wildcards are not supported.</maml:para>
        </maml:Description>
        <command:parameterValue required="true" variableLength="false">String[]</command:parameterValue>
        <dev:type>
          <maml:name>String[]</maml:name>
          <maml:uri />
        </dev:type>
        <dev:defaultValue>None</dev:defaultValue>
      </command:parameter>
      <command:parameter required="true" variableLength="true" globbing="false" pipelineInput="True (ByPropertyName, ByValue)" position="0" aliases="none">
        <maml:name>Path</maml:name>
        <maml:Description>
          <maml:para>The path to the product installation directory. Wildcards are supported.</maml:para>
        </maml:Description>
        <command:parameterValue required="true" variableLength="false">String[]</command:parameterValue>
        <dev:type>
          <maml:name>String[]</maml:name>
          <maml:uri />
        </dev:type>
        <dev:defaultValue>None</dev:defaultValue>
      </command:parameter>
      <command:parameter required="false" variableLength="true" globbing="false" pipelineInput="False" position="named" aliases="none">
        <maml:name>Prerelease</maml:name>
        <maml:Description>
          <maml:para>Also show prereleases / previews. By default, only releases are shown.</maml:para>
        </maml:Description>
        <command:parameterValue required="false" variableLength="false">SwitchParameter</command:parameterValue>
        <dev:type>
          <maml:name>SwitchParameter</maml:name>
          <maml:uri />
        </dev:type>
        <dev:defaultValue>False</dev:defaultValue>
      </command:parameter>
    </command:parameters>
    <command:inputTypes>
      <command:inputType>
        <dev:type>
          <maml:name>System.String[]</maml:name>
        </dev:type>
        <maml:description>
          <maml:para>One or more paths to product installation directories.</maml:para>
        </maml:description>
      </command:inputType>
    </command:inputTypes>
    <command:returnValues>
      <command:returnValue>
        <dev:type>
          <maml:name>Microsoft.VisualStudio.Setup.Instance</maml:name>
        </dev:type>
        <maml:description>
          <maml:para>Information about each instance enumerated.</maml:para>
        </maml:description>
      </command:returnValue>
    </command:returnValues>
    <maml:alertSet>
      <maml:alert>
        <maml:para></maml:para>
      </maml:alert>
    </maml:alertSet>
    <command:examples>
      <command:example>
        <maml:title>-------------------------- Example 1 --------------------------</maml:title>
        <dev:code>PS C:\&gt; Get-VSSetupInstance -All</dev:code>
        <dev:remarks>
          <maml:para>Enumerates all instances of Visual Studio and related products even if a fatal error was raised during the last operation.</maml:para>
        </dev:remarks>
      </command:example>
      <command:example>
        <maml:title>-------------------------- Example 2 --------------------------</maml:title>
        <dev:code>PS C:\&gt; Get-VSSetupInstance 'C:\Program Files (x86)\Microsoft Visual Studio\2017\Community'</dev:code>
        <dev:remarks>
          <maml:para>Gets the instance for the product installed to the given directory.</maml:para>
        </dev:remarks>
      </command:example>
    </command:examples>
    <command:relatedLinks>
      <maml:navigationLink>
        <maml:linkText>Online Version:</maml:linkText>
        <maml:uri>https://github.com/Microsoft/vssetup.powershell/raw/master/docs/VSSetup/Get-VSSetupInstance.md</maml:uri>
      </maml:navigationLink>
    </command:relatedLinks>
  </command:command>
  <command:command xmlns:maml="http://schemas.microsoft.com/maml/2004/10" xmlns:command="http://schemas.microsoft.com/maml/dev/command/2004/10" xmlns:dev="http://schemas.microsoft.com/maml/dev/2004/10" xmlns:MSHelp="http://msdn.microsoft.com/mshelp">
    <command:details>
      <command:name>Select-VSSetupInstance</command:name>
      <command:verb>Select</command:verb>
      <command:noun>VSSetupInstance</command:noun>
      <maml:description>
        <maml:para>Selects instances of Visual Studio and related products based on criteria.</maml:para>
      </maml:description>
    </command:details>
    <maml:description>
      <maml:para>You can specify zero or more products (by default, Visual Studio Community, Professional, and Enterprise are selected) to find, along with zero or more workloads that all are required by any instances enumerated. Additionally, you can specify a version range to limit the results or request the latest instance. All criteria are combined to return the best instance or instances for your needs.</maml:para>
    </maml:description>
    <command:syntax>
      <command:syntaxItem>
        <maml:name>Select-VSSetupInstance</maml:name>
        <command:parameter required="true" variableLength="true" globbing="false" pipelineInput="True (ByValue)" position="0" aliases="none">
          <maml:name>Instance</maml:name>
          <maml:Description>
            <maml:para>One or more instances from which to select.</maml:para>
          </maml:Description>
          <command:parameterValue required="true" variableLength="false">Instance[]</command:parameterValue>
          <dev:type>
            <maml:name>Instance[]</maml:name>
            <maml:uri />
          </dev:type>
          <dev:defaultValue>None</dev:defaultValue>
        </command:parameter>
        <command:parameter required="false" variableLength="true" globbing="false" pipelineInput="False" position="named" aliases="none">
          <maml:name>Latest</maml:name>
          <maml:Description>
            <maml:para>Select the most recently installed instance with the highest version (within the optional `-Version` range).</maml:para>
          </maml:Description>
          <dev:type>
            <maml:name>SwitchParameter</maml:name>
            <maml:uri />
          </dev:type>
          <dev:defaultValue>False</dev:defaultValue>
        </command:parameter>
        <command:parameter required="false" variableLength="true" globbing="false" pipelineInput="False" position="named" aliases="none">
          <maml:name>Product</maml:name>
          <maml:Description>
            <maml:para>One or more products to select. Wildcards are supported.</maml:para>
          </maml:Description>
          <command:parameterValue required="true" variableLength="false">String[]</command:parameterValue>
          <dev:type>
            <maml:name>String[]</maml:name>
            <maml:uri />
          </dev:type>
          <dev:defaultValue>Microsoft.VisualStudio.Product.Community, Microsoft.VisualStudio.Product.Professional, Microsoft.VisualStudio.Product.Enterprise</dev:defaultValue>
        </command:parameter>
        <command:parameter required="false" variableLength="true" globbing="false" pipelineInput="False" position="named" aliases="none">
          <maml:name>Require</maml:name>
          <maml:Description>
            <maml:para>One or more workloads or components to select. All requirements specified must be met. Wildcards are not supported.</maml:para>
          </maml:Description>
          <command:parameterValue required="true" variableLength="false">String[]</command:parameterValue>
          <dev:type>
            <maml:name>String[]</maml:name>
            <maml:uri />
          </dev:type>
          <dev:defaultValue>None</dev:defaultValue>
        </command:parameter>
        <command:parameter required="false" variableLength="true" globbing="false" pipelineInput="False" position="named" aliases="none">
          <maml:name>RequireAny</maml:name>
          <maml:Description>
            <maml:para>Change the behavior of -Require such that any one or more requirements specified must be met.</maml:para>
          </maml:Description>
          <dev:type>
            <maml:name>SwitchParameter</maml:name>
            <maml:uri />
          </dev:type>
          <dev:defaultValue>False</dev:defaultValue>
        </command:parameter>
        <command:parameter required="false" variableLength="true" globbing="false" pipelineInput="False" position="named" aliases="none">
          <maml:name>Version</maml:name>
          <maml:Description>
            <maml:para>A version range to limit results. A single version like '15.0' is equivalent to '[15.0,)', which means versions 15.0 and newer are in range. You can also specify versions like '[15.0,16.0)' to limit results to Visual Studio 2017 only (15.x).</maml:para>
          </maml:Description>
          <command:parameterValue required="true" variableLength="false">String</command:parameterValue>
          <dev:type>
            <maml:name>String</maml:name>
            <maml:uri />
          </dev:type>
          <dev:defaultValue>None</dev:defaultValue>
        </command:parameter>
      </command:syntaxItem>
    </command:syntax>
    <command:parameters>
      <command:parameter required="true" variableLength="true" globbing="false" pipelineInput="True (ByValue)" position="0" aliases="none">
        <maml:name>Instance</maml:name>
        <maml:Description>
          <maml:para>One or more instances from which to select.</maml:para>
        </maml:Description>
        <command:parameterValue required="true" variableLength="false">Instance[]</command:parameterValue>
        <dev:type>
          <maml:name>Instance[]</maml:name>
          <maml:uri />
        </dev:type>
        <dev:defaultValue>None</dev:defaultValue>
      </command:parameter>
      <command:parameter required="false" variableLength="true" globbing="false" pipelineInput="False" position="named" aliases="none">
        <maml:name>Latest</maml:name>
        <maml:Description>
          <maml:para>Select the most recently installed instance with the highest version (within the optional `-Version` range).</maml:para>
        </maml:Description>
        <command:parameterValue required="false" variableLength="false">SwitchParameter</command:parameterValue>
        <dev:type>
          <maml:name>SwitchParameter</maml:name>
          <maml:uri />
        </dev:type>
        <dev:defaultValue>False</dev:defaultValue>
      </command:parameter>
      <command:parameter required="false" variableLength="true" globbing="false" pipelineInput="False" position="named" aliases="none">
        <maml:name>Product</maml:name>
        <maml:Description>
          <maml:para>One or more products to select. Wildcards are supported.</maml:para>
        </maml:Description>
        <command:parameterValue required="true" variableLength="false">String[]</command:parameterValue>
        <dev:type>
          <maml:name>String[]</maml:name>
          <maml:uri />
        </dev:type>
        <dev:defaultValue>Microsoft.VisualStudio.Product.Community, Microsoft.VisualStudio.Product.Professional, Microsoft.VisualStudio.Product.Enterprise</dev:defaultValue>
      </command:parameter>
      <command:parameter required="false" variableLength="true" globbing="false" pipelineInput="False" position="named" aliases="none">
        <maml:name>Require</maml:name>
        <maml:Description>
          <maml:para>One or more workloads or components to select. All requirements specified must be met. Wildcards are not supported.</maml:para>
        </maml:Description>
        <command:parameterValue required="true" variableLength="false">String[]</command:parameterValue>
        <dev:type>
          <maml:name>String[]</maml:name>
          <maml:uri />
        </dev:type>
        <dev:defaultValue>None</dev:defaultValue>
      </command:parameter>
      <command:parameter required="false" variableLength="true" globbing="false" pipelineInput="False" position="named" aliases="none">
        <maml:name>RequireAny</maml:name>
        <maml:Description>
          <maml:para>Change the behavior of -Require such that any one or more requirements specified must be met.</maml:para>
        </maml:Description>
        <command:parameterValue required="false" variableLength="false">SwitchParameter</command:parameterValue>
        <dev:type>
          <maml:name>SwitchParameter</maml:name>
          <maml:uri />
        </dev:type>
        <dev:defaultValue>False</dev:defaultValue>
      </command:parameter>
      <command:parameter required="false" variableLength="true" globbing="false" pipelineInput="False" position="named" aliases="none">
        <maml:name>Version</maml:name>
        <maml:Description>
          <maml:para>A version range to limit results. A single version like '15.0' is equivalent to '[15.0,)', which means versions 15.0 and newer are in range. You can also specify versions like '[15.0,16.0)' to limit results to Visual Studio 2017 only (15.x).</maml:para>
        </maml:Description>
        <command:parameterValue required="true" variableLength="false">String</command:parameterValue>
        <dev:type>
          <maml:name>String</maml:name>
          <maml:uri />
        </dev:type>
        <dev:defaultValue>None</dev:defaultValue>
      </command:parameter>
    </command:parameters>
    <command:inputTypes>
      <command:inputType>
        <dev:type>
          <maml:name>Microsoft.VisualStudio.Setup.Instance[]</maml:name>
        </dev:type>
        <maml:description>
          <maml:para>One or more instances from which to select.</maml:para>
        </maml:description>
      </command:inputType>
    </command:inputTypes>
    <command:returnValues>
      <command:returnValue>
        <dev:type>
          <maml:name>Microsoft.VisualStudio.Setup.Instance</maml:name>
        </dev:type>
        <maml:description>
          <maml:para>Zero or more instances that met specified criteria.</maml:para>
        </maml:description>
      </command:returnValue>
    </command:returnValues>
    <maml:alertSet>
      <maml:alert>
        <maml:para></maml:para>
      </maml:alert>
    </maml:alertSet>
    <command:examples>
      <command:example>
        <maml:title>-------------------------- Example 1 --------------------------</maml:title>
        <dev:code>PS C:\&gt; Get-VSSetupInstance | Select-VSSetupInstance -Latest</dev:code>
        <dev:remarks>
          <maml:para>Select the most-recently installed instance of the highest version of Visual Studio Community, Professional, or Enterprise installed.</maml:para>
        </dev:remarks>
      </command:example>
      <command:example>
        <maml:title>-------------------------- Example 2 --------------------------</maml:title>
        <dev:code>PS C:\&gt; Get-VSSetupInstance | Select-VSSetupInstance -Product * -Require 'Microsoft.VisualStudio.Component.VC.Tools.x86.x64'</dev:code>
        <dev:remarks>
          <maml:para>Selects any product with the native Visual C++ compilers installed.</maml:para>
        </dev:remarks>
      </command:example>
    </command:examples>
    <command:relatedLinks>
      <maml:navigationLink>
        <maml:linkText>Online Version:</maml:linkText>
        <maml:uri>https://github.com/Microsoft/vssetup.powershell/raw/master/docs/VSSetup/Select-VSSetupInstance.md</maml:uri>
      </maml:navigationLink>
    </command:relatedLinks>
  </command:command>
</helpItems>